[{"dna":"000000","rarity":"SUPER_RARE","name":"#1","description":"This is an NFT made by the coolest generative code.","image":"https://hashlips/nft/1","edition":1,"date":1630062402020,"attributes":[{"name":"red eye ball super rare"},{"name":"red big super rare"},{"name":"small super rare"},{"name":"shapes super rare"},{"name":"low bottom super rare"},{"name":"tilted top super rare"}]},{"dna":"020000","rarity":"RARE","name":"#2","description":"This is an NFT made by the coolest generative code.","image":"https://hashlips/nft/2","edition":2,"date":1630062402374,"attributes":[{"name":"eye ball rare"},{"name":"purple big rare"},{"name":"medium rare"},{"name":"shapes rare"},{"name":"tilted bottom rare"},{"name":"low top rare"}]},{"dna":"130000","rarity":"RARE","name":"#3","description":"This is an NFT made by the coolest generative code.","image":"https://hashlips/nft/3","edition":3,"date":1630062402725,"attributes":[{"name":"green eye ball rare"},{"name":"purple small rare"},{"name":"medium rare"},{"name":"shapes rare"},{"name":"tilted bottom rare"},{"name":"low top rare"}]},{"dna":"110000","rarity":"RARE","name":"#4","description":"This is an NFT made by the coolest generative code.","image":"https://hashlips/nft/4","edition":4,"date":1630062403081,"attributes":[{"name":"green eye ball rare"},{"name":"pink small rare"},{"name":"medium rare"},{"name":"shapes rare"},{"name":"tilted bottom rare"},{"name":"low top rare"}]},{"dna":"010000","rarity":"ORIGINAL","name":"#5","description":"This is an NFT made by the coolest generative code.","image":"https://hashlips/nft/5","edition":5,"date":1630062403415,"attributes":[{"name":"grey eye ball"},{"name":"cyan small"},{"name":"large"},{"name":"shapes"},{"name":"high bottom"},{"name":"high top"}]},{"dna":"120000","rarity":"ORIGINAL","name":"#6","description":"This is an NFT made by the coolest generative code.","image":"https://hashlips/nft/6","edition":6,"date":1630062403813,"attributes":[{"name":"red eye ball"},{"name":"green big"},{"name":"large"},{"name":"shapes"},{"name":"high bottom"},{"name":"high top"}]},{"dna":"140000","rarity":"ORIGINAL","name":"#7","description":"This is an NFT made by the coolest generative code.","image":"https://hashlips/nft/7","edition":7,"date":1630062404211,"attributes":[{"name":"red eye ball"},{"name":"yellow big"},{"name":"large"},{"name":"shapes"},{"name":"high bottom"},{"name":"high top"}]},{"dna":"230000","rarity":"ORIGINAL","name":"#8","description":"This is an NFT made by the coolest generative code.","image":"https://hashlips/nft/8","edition":8,"date":1630062404553,"attributes":[{"name":"white eye ball"},{"name":"green small"},{"name":"large"},{"name":"shapes"},{"name":"high bottom"},{"name":"high top"}]},{"dna":"150000","rarity":"ORIGINAL","name":"#9","description":"This is an NFT made by the coolest generative code.","image":"https://hashlips/nft/9","edition":9,"date":1630062404938,"attributes":[{"name":"red eye ball"},{"name":"yellow small"},{"name":"large"},{"name":"shapes"},{"name":"high bottom"},{"name":"high top"}]},{"dna":"050000","rarity":"ORIGINAL","name":"#10","description":"This is an NFT made by the coolest generative code.","image":"https://hashlips/nft/10","edition":10,"date":1630062405268,"attributes":[{"name":"grey eye ball"},{"name":"yellow small"},{"name":"large"},{"name":"shapes"},{"name":"high bottom"},{"name":"high top"}]}]